{
   "file_counts" : 27,
   "file_list" : [
      {
         "file_describe_code" : 4,
         "file_name" : "404 BUCK CONVERTER-macro.APR_LIB",
         "layer_name" : "nil"
      },
      {
         "file_describe_code" : 4,
         "file_name" : "404 BUCK CONVERTER.DRR",
         "layer_name" : "nil"
      },
      {
         "file_describe_code" : 4,
         "file_name" : "404 BUCK CONVERTER.EXTREP",
         "layer_name" : "nil"
      },
      {
         "file_describe_code" : 0,
         "file_name" : "404 BUCK CONVERTER.GBL",
         "layer_name" : "bl"
      },
      {
         "file_describe_code" : 4,
         "file_name" : "404 BUCK CONVERTER.GBP",
         "layer_name" : "nil"
      },
      {
         "file_describe_code" : 0,
         "file_name" : "404 BUCK CONVERTER.GBS",
         "layer_name" : "bs"
      },
      {
         "file_describe_code" : 3,
         "file_name" : "404 BUCK CONVERTER.GD1",
         "layer_name" : "dd"
      },
      {
         "file_describe_code" : 3,
         "file_name" : "404 BUCK CONVERTER.GG1",
         "layer_name" : "nil"
      },
      {
         "file_describe_code" : 3,
         "file_name" : "404 BUCK CONVERTER.GM",
         "layer_name" : "nil"
      },
      {
         "file_describe_code" : 2,
         "file_name" : "404 BUCK CONVERTER.GM1",
         "layer_name" : "gko"
      },
      {
         "file_describe_code" : 0,
         "file_name" : "404 BUCK CONVERTER.GM13",
         "layer_name" : "gm3"
      },
      {
         "file_describe_code" : 0,
         "file_name" : "404 BUCK CONVERTER.GM15",
         "layer_name" : "gm4"
      },
      {
         "file_describe_code" : 0,
         "file_name" : "404 BUCK CONVERTER.GM16",
         "layer_name" : "gm5"
      },
      {
         "file_describe_code" : 0,
         "file_name" : "404 BUCK CONVERTER.GM5",
         "layer_name" : "gm2"
      },
      {
         "file_describe_code" : 3,
         "file_name" : "404 BUCK CONVERTER.GPB",
         "layer_name" : "nil"
      },
      {
         "file_describe_code" : 3,
         "file_name" : "404 BUCK CONVERTER.GPT",
         "layer_name" : "nil"
      },
      {
         "file_describe_code" : 0,
         "file_name" : "404 BUCK CONVERTER.GTL",
         "layer_name" : "tl"
      },
      {
         "file_describe_code" : 0,
         "file_name" : "404 BUCK CONVERTER.GTO",
         "layer_name" : "to"
      },
      {
         "file_describe_code" : 0,
         "file_name" : "404 BUCK CONVERTER.GTP",
         "layer_name" : "tp"
      },
      {
         "file_describe_code" : 0,
         "file_name" : "404 BUCK CONVERTER.GTS",
         "layer_name" : "ts"
      },
      {
         "file_describe_code" : 4,
         "file_name" : "404 BUCK CONVERTER.LDP",
         "layer_name" : "nil"
      },
      {
         "file_describe_code" : 4,
         "file_name" : "404 BUCK CONVERTER.REP",
         "layer_name" : "nil"
      },
      {
         "file_describe_code" : 0,
         "file_name" : "404 BUCK CONVERTER.TXT",
         "layer_name" : "drl"
      },
      {
         "file_describe_code" : 4,
         "file_name" : "404 BUCK CONVERTER.apr",
         "layer_name" : "nil"
      },
      {
         "file_describe_code" : 4,
         "file_name" : "Design Rule Check - 404 BUCK CONVERTER.drc",
         "layer_name" : "nil"
      },
      {
         "file_describe_code" : 4,
         "file_name" : "Design Rule Check - 404 BUCK CONVERTER.html",
         "layer_name" : "nil"
      },
      {
         "file_describe_code" : 4,
         "file_name" : "Status Report.Txt",
         "layer_name" : "nil"
      }
   ]
}
