{
   "file_counts" : 30,
   "file_list" : [
      {
         "file_describe_code" : 4,
         "file_name" : "Design Rule Check - PCB1.drc",
         "layer_name" : "nil"
      },
      {
         "file_describe_code" : 4,
         "file_name" : "Design Rule Check - PCB1.html",
         "layer_name" : "nil"
      },
      {
         "file_describe_code" : 0,
         "file_name" : "PCB1-RoundHoles.TXT",
         "layer_name" : "drl"
      },
      {
         "file_describe_code" : 0,
         "file_name" : "PCB1-SlotHoles.TXT",
         "layer_name" : "slot"
      },
      {
         "file_describe_code" : 4,
         "file_name" : "PCB1-macro.APR_LIB",
         "layer_name" : "nil"
      },
      {
         "file_describe_code" : 4,
         "file_name" : "PCB1.DRR",
         "layer_name" : "nil"
      },
      {
         "file_describe_code" : 4,
         "file_name" : "PCB1.EXTREP",
         "layer_name" : "nil"
      },
      {
         "file_describe_code" : 0,
         "file_name" : "PCB1.GBL",
         "layer_name" : "bl"
      },
      {
         "file_describe_code" : 4,
         "file_name" : "PCB1.GBP",
         "layer_name" : "nil"
      },
      {
         "file_describe_code" : 0,
         "file_name" : "PCB1.GBS",
         "layer_name" : "bs"
      },
      {
         "file_describe_code" : 3,
         "file_name" : "PCB1.GD1",
         "layer_name" : "dd"
      },
      {
         "file_describe_code" : 3,
         "file_name" : "PCB1.GG1",
         "layer_name" : "nil"
      },
      {
         "file_describe_code" : 3,
         "file_name" : "PCB1.GM",
         "layer_name" : "nil"
      },
      {
         "file_describe_code" : 2,
         "file_name" : "PCB1.GM1",
         "layer_name" : "gko"
      },
      {
         "file_describe_code" : 0,
         "file_name" : "PCB1.GM11",
         "layer_name" : "gm3"
      },
      {
         "file_describe_code" : 0,
         "file_name" : "PCB1.GM13",
         "layer_name" : "gm4"
      },
      {
         "file_describe_code" : 0,
         "file_name" : "PCB1.GM15",
         "layer_name" : "gm5"
      },
      {
         "file_describe_code" : 0,
         "file_name" : "PCB1.GM16",
         "layer_name" : "gm6"
      },
      {
         "file_describe_code" : 0,
         "file_name" : "PCB1.GM20",
         "layer_name" : "gm7"
      },
      {
         "file_describe_code" : 0,
         "file_name" : "PCB1.GM5",
         "layer_name" : "gm2"
      },
      {
         "file_describe_code" : 3,
         "file_name" : "PCB1.GPB",
         "layer_name" : "nil"
      },
      {
         "file_describe_code" : 3,
         "file_name" : "PCB1.GPT",
         "layer_name" : "nil"
      },
      {
         "file_describe_code" : 0,
         "file_name" : "PCB1.GTL",
         "layer_name" : "tl"
      },
      {
         "file_describe_code" : 0,
         "file_name" : "PCB1.GTO",
         "layer_name" : "to"
      },
      {
         "file_describe_code" : 0,
         "file_name" : "PCB1.GTP",
         "layer_name" : "tp"
      },
      {
         "file_describe_code" : 0,
         "file_name" : "PCB1.GTS",
         "layer_name" : "ts"
      },
      {
         "file_describe_code" : 4,
         "file_name" : "PCB1.LDP",
         "layer_name" : "nil"
      },
      {
         "file_describe_code" : 4,
         "file_name" : "PCB1.REP",
         "layer_name" : "nil"
      },
      {
         "file_describe_code" : 4,
         "file_name" : "PCB1.apr",
         "layer_name" : "nil"
      },
      {
         "file_describe_code" : 4,
         "file_name" : "Status Report.Txt",
         "layer_name" : "nil"
      }
   ]
}
